{
  "name": "d3js-angular",
  "description": "D3.js is a JavaScript library for manipulating documents based on data. D3 helps you bring data to life using HTML, SVG, and CSS.",
  "main": [
    "d3.module.js"
  ],
  "dependencies": {
    "d3": "^3.5.17"
  },
  "homepage": "https://github.com/o-code/d3js-angular",
  "version": "1.0.2",
  "_release": "1.0.2",
  "_resolution": {
    "type": "version",
    "tag": "v1.0.2",
    "commit": "0ce6154bb6016a1cb71850ef49098b4b49624026"
  },
  "_source": "https://github.com/o-code/d3js-angular.git",
  "_target": "1.0.2",
  "_originalSource": "d3js-angular"
}